Code,Drawing/Chart,Math,overall
0.8181818181818182,0.4827586206896552,0.3333333333333333,0.45569620253164556
0.55,1.0,0.725,0.6133333333333333
,0.3,0.2,0.5333333333333333
,0.0,0.2857142857142857,0.375
0.6425168717745137,0.6421742399828123,0.4866859516392227,0.5358255451713395
