Process Management,Memory Management,File Systems,Device Management,Synchronization and Concurrency,overall
,0.5897435897435898,0.6714285714285714,,,0.6582278481012658
0.7428571428571429,0.65,,,0.7866666666666666,0.74
,0.6666666666666666,0.7142857142857143,,,0.7166666666666667
0.4444444444444444,0.3684210526315789,,0.5,,0.40625
0.6903889761032618,0.6102156301369287,0.6899280575539569,0.5,0.7866666666666666,0.6822429906542056
