Code,Drawing/Chart,Math,overall
0.8181818181818182,0.4827586206896552,0.4074074074074074,0.5189873417721519
0.625,1.0,0.675,0.6333333333333333
,0.5,0.4,0.6666666666666666
,0.0,0.5714285714285714,0.5
0.6916435093290988,0.6795574175529058,0.5474171323080981,0.5981308411214953
