Code,Drawing/Chart,Math,Conceptual,overall,exam
0.8181818181818182,0.4827586206896552,0.3333333333333333,0.42857142857142855,0.45569620253164556,18-spring-final
0.55,1.0,0.725,0.675,0.6133333333333333,18-spring-mid
,0.3,0.2,0.6923076923076923,0.5333333333333333,21-fall-final
,0.0,0.2857142857142857,0.4444444444444444,0.375,21-fall-mid
0.6425168717745137,0.6421742399828123,0.4866859516392227,0.5946038212393353,0.5358255451713395,overall
