Process Management,Memory Management,File Systems,Device Management,Synchronization and Concurrency,overall,exam
,0.6153846153846154,0.6857142857142857,,,0.6329113924050633,18-spring-final
0.6285714285714286,0.65,,,0.64,0.64,18-spring-mid
,0.6,0.6326530612244898,,,0.6666666666666666,21-fall-final
0.5555555555555556,0.5263157894736842,,0.5,,0.53125,21-fall-mid
0.61573347287633,0.6198052644191355,0.6628101600352371,0.5,0.64,0.632398753894081,overall
