Code,Drawing/Chart,Math,Conceptual,overall,exam
1.0,0.5862068965517241,0.5185185185185185,0.6666666666666666,0.6329113924050633,18-spring-final
0.6125,1.0,0.6,0.725,0.64,18-spring-mid
,0.4,0.3333333333333333,0.7948717948717948,0.6666666666666666,21-fall-final
,1.0,0.42857142857142855,0.6111111111111112,0.53125,21-fall-mid
0.74617903930131,0.7860135352884305,0.5130132357546688,0.7123505604814016,0.632398753894081,overall
