Code,Drawing/Chart,Math,Conceptual,overall,exam
0.7272727272727273,0.6206896551724138,0.5185185185185185,0.6666666666666666,0.6455696202531646,18-spring-final
0.75,0.8,0.675,0.8,0.74,18-spring-mid
,0.5,0.4,0.8461538461538461,0.7166666666666667,21-fall-final
,0.0,0.21428571428571427,0.5555555555555556,0.40625,21-fall-mid
0.742159587137753,0.6200451176281019,0.5391592081623234,0.7514444710706393,0.6791277258566978,overall
