Process Management,Memory Management,File Systems,Device Management,Synchronization and Concurrency,overall,exam
,0.48717948717948717,0.5142857142857142,,,0.5189873417721519,18-spring-final
0.6,0.7,,,0.6133333333333333,0.6333333333333333,18-spring-mid
,0.6666666666666666,0.6326530612244898,,,0.6666666666666666,21-fall-final
0.6666666666666666,0.47368421052631576,,0.25,,0.5,21-fall-mid
0.6117216117216117,0.6188320069284162,0.5653795331082073,0.25,0.6133333333333333,0.5981308411214953,overall
