Process Management,Memory Management,File Systems,Device Management,Synchronization and Concurrency,overall,exam
,0.41025641025641024,0.44285714285714284,,,0.45569620253164556,18-spring-final
0.5428571428571428,0.775,,,0.56,0.6133333333333333,18-spring-mid
,0.5666666666666667,0.5102040816326531,,,0.5333333333333333,21-fall-final
0.5555555555555556,0.3157894736842105,,0.25,,0.375,21-fall-mid
0.5450898308041164,0.60051563728396,0.4719277639113199,0.25,0.56,0.5358255451713395,overall
