Code,Drawing/Chart,Math,Conceptual,overall,exam
0.9090909090909091,0.6206896551724138,0.3333333333333333,0.6190476190476191,0.569620253164557,18-spring-final
0.825,1.0,0.8,0.85,0.8133333333333334,18-spring-mid
,0.5,0.5333333333333333,0.8717948717948718,0.75,21-fall-final
,0.0,0.2857142857142857,0.8333333333333334,0.59375,21-fall-mid
0.8540095275903136,0.7135030615533355,0.584037976561341,0.7955735852932113,0.719626168224299,overall
