Process Management,Memory Management,File Systems,Device Management,Synchronization and Concurrency,overall,exam
,0.4358974358974359,0.5857142857142857,,,0.569620253164557,18-spring-final
0.8857142857142857,0.775,,,0.8,0.8133333333333334,18-spring-mid
,0.6666666666666666,0.7551020408163265,,,0.75,21-fall-final
0.4444444444444444,0.5789473684210527,,1.0,,0.59375,21-fall-mid
0.808128379556951,0.6517514430696919,0.6588313023050946,1.0,0.8,0.719626168224299,overall
