Process Management,Memory Management,File Systems,Device Management,Synchronization and Concurrency,overall,exam
,0.5641025641025641,0.6714285714285714,,,0.6455696202531646,18-spring-final
0.7428571428571429,0.65,,,0.7866666666666666,0.74,18-spring-mid
,0.6666666666666666,0.7142857142857143,,,0.7166666666666667,21-fall-final
0.4444444444444444,0.3684210526315789,,0.5,,0.40625,21-fall-mid
0.6903889761032618,0.6039052219573616,0.6899280575539569,0.5,0.7866666666666666,0.6791277258566978,overall
