Code,Drawing/Chart,Math,Conceptual,overall,exam
0.8181818181818182,0.4827586206896552,0.4074074074074074,0.5714285714285714,0.5189873417721519,18-spring-final
0.625,1.0,0.675,0.625,0.6333333333333333,18-spring-mid
,0.5,0.4,0.7692307692307693,0.6666666666666666,21-fall-final
,0.0,0.5714285714285714,0.4444444444444444,0.5,21-fall-mid
0.6916435093290988,0.6795574175529058,0.5474171323080981,0.6207754689063101,0.5981308411214953,overall
