Process Management,Memory Management,File Systems,Device Management,Synchronization and Concurrency,overall,exam
,0.5897435897435898,0.6285714285714286,,,0.6075949367088608,18-spring-final
0.7428571428571429,0.75,,,0.7733333333333333,0.76,18-spring-mid
,0.6,0.673469387755102,,,0.6666666666666666,21-fall-final
0.4444444444444444,0.5789473684210527,,1.0,,0.59375,21-fall-mid
0.6903889761032618,0.665470589966409,0.6479518426075467,1.0,0.7733333333333333,0.6884735202492211,overall
