Code,Drawing/Chart,Math,Conceptual,overall,exam
0.7272727272727273,0.6551724137931034,0.5925925925925926,0.5714285714285714,0.6075949367088608,18-spring-final
0.7,1.0,0.775,0.875,0.76,18-spring-mid
,0.4,0.4666666666666667,0.7948717948717948,0.6666666666666666,21-fall-final
,1.0,0.35714285714285715,0.7777777777777778,0.59375,21-fall-mid
0.7094084954346962,0.8029863572886454,0.630820517892169,0.7756201050593573,0.6884735202492211,overall
