Code,Drawing/Chart,Math,Conceptual,overall,exam
0.9090909090909091,0.5517241379310345,0.37037037037037035,0.38095238095238093,0.5063291139240507,18-spring-final
0.65,1.0,0.75,0.75,0.7,18-spring-mid
,0.1,0.06666666666666667,0.5897435897435898,0.4166666666666667,21-fall-final
,1.0,0.35714285714285715,0.3888888888888889,0.375,21-fall-mid
0.7393807066296149,0.721452357933183,0.48968171553841333,0.5932221119137008,0.5669781931464174,overall
