Process Management,Memory Management,File Systems,Device Management,Synchronization and Concurrency,overall
,0.4102564102564102,0.4428571428571428,,,0.4556962025316455
0.5428571428571428,0.775,,,0.56,0.6133333333333333
,0.5666666666666667,0.5102040816326531,,,0.5333333333333333
0.5555555555555556,0.3157894736842105,,0.25,,0.375
0.5450898308041164,0.60051563728396,0.4719277639113199,0.25,0.56,0.5358255451713395
