Code,Drawing/Chart,Math,overall
0.7272727272727273,0.6206896551724138,0.5185185185185185,0.6582278481012658
0.75,0.8,0.675,0.74
,0.5,0.4,0.7166666666666667
,0.0,0.21428571428571427,0.40625
0.742159587137753,0.6200451176281019,0.5391592081623234,0.6822429906542056
