Process Management,Memory Management,File Systems,Device Management,Synchronization and Concurrency,overall
,0.4871794871794871,0.5142857142857142,,,0.5189873417721519
0.6,0.7,,,0.6133333333333333,0.6333333333333333
,0.6666666666666666,0.6326530612244898,,,0.6666666666666666
0.6666666666666666,0.4736842105263157,,0.25,,0.5
0.6117216117216117,0.6188320069284162,0.5653795331082073,0.25,0.6133333333333333,0.5981308411214953
