Code,Drawing/Chart,Math,overall
0.7272727272727273,0.6551724137931034,0.5925925925925926,0.6075949367088608
0.7,1.0,0.775,0.76
,0.4,0.4666666666666667,0.6666666666666666
,1.0,0.35714285714285715,0.59375
0.7094084954346962,0.8029863572886454,0.630820517892169,0.6884735202492211
