Process Management,Memory Management,File Systems,Device Management,Synchronization and Concurrency,overall,exam
,0.358974358974359,0.5428571428571428,,,0.5063291139240507,18-spring-final
0.6285714285714286,0.75,,,0.7066666666666667,0.7,18-spring-mid
,0.36666666666666664,0.40816326530612246,,,0.4166666666666667,21-fall-final
0.4444444444444444,0.3684210526315789,,0.25,,0.375,21-fall-mid
0.5961974533403105,0.5440761621283018,0.4847159007487886,0.25,0.7066666666666667,0.5669781931464174,overall
