,gpt3.5,bard,gpt4,gemini,claude,bing,llama
18-spring-final,0.5189873417721519,0.45569620253164556,0.6075949367088608,0.6455696202531646,0.6329113924050633,0.569620253164557,0.5063291139240507
18-spring-mid,0.6333333333333333,0.6133333333333333,0.76,0.74,0.64,0.8133333333333334,0.7
21-fall-final,0.6666666666666666,0.5333333333333333,0.6666666666666666,0.7166666666666667,0.6666666666666666,0.75,0.4166666666666667
21-fall-mid,0.5,0.375,0.59375,0.40625,0.53125,0.59375,0.375
overall,0.5981308411214953,0.5358255451713395,0.6884735202492211,0.6791277258566978,0.632398753894081,0.719626168224299,0.5669781931464174
